Date,Campaign_ID,Platform,Ad_Spend,Impressions,Clicks
2024-11-01,CMP_013,META,1273.69,35018.0,761.0
2024-11-01,CMP_015,Google Ads,2278.24,23169.0,787.0
2024-11-01,CMP_003,Meta,1556.7,18667.0,581.0
2024-11-01,CMP_012,Google Ads,4189.2,37571.0,1056.0
2024-11-01,CMP_007,Meta,2829.05,12582.0,327.0
2024-11-01,CMP_006,Google Ads,4488.21,40267.0,1898.0
2024-11-01,CMP_005,LINKEDIN,2404.09,8150.0,138.0
2024-11-01,CMP_014,LinkedIn,1614.56,8733.0,154.0
2024-11-02,CMP_014,LinkedIn,3582.27,9374.0,159.0
2024-11-02, CMP_004 ,META,3455.71,12339.0,335.0
2024-11-02,CMP_002,Meta,1764.76,33892.0,674.0
2024-11-02,CMP_007,Meta,2725.46,18845.0,655.0
2024-11-02,CMP_005,LINKEDIN,4650.0,14125.0,172.0
2024-11-02,CMP_008 ,LinkedIn,3466.06,5916.0,72.0
2024-11-02,CMP_006,Google Ads,3144.45,30336.0,1062.0
2024-11-02,CMP_003,Meta,1418.42,,1351.0
2024-11-02,CMP_010,Google Ads,6943.65,30311.0,918.0
2024-11-03,CMP_007,Meta,2881.44,12978.0,390.0
2024-11-03,CMP_011,Meta,₹4041.64,15008.0,413.0
2024-11-03,CMP_008 ,LinkedIn,5220.3,11916.0,190.0
2024-11-03,CMP_003,Meta,2469.73,29526.0,1031.0
2024-11-03,CMP_005,LINKEDIN,4234.18,14064.0,261.0
2024-11-03,CMP_012,Google Ads,3051.66,43616.0,1215.0
2024-11-03, CMP_004 ,META,4119.8,34604.0,703.0
2024-11-03,CMP_014,LinkedIn,4653.61,6827.0,88.0
2024-11-03,CMP_006,Google Ads,3711.71,20106.0,982.0
03/11/2024,CMP_013,META,4090.31,18630.0,641.0
2024-11-03,CMP_009,Meta,3714.48,26635.0,885.0
2024-11-03,CMP_015,Google Ads,6917.33,29779.0,1371.0
2024-11-03,CMP_002,Meta,2875.29,16517.0,298.0
2024-11-03,CMP_001,Google Ads,6431.3,37674.0,1839.0
2024-11-03,CMP_010,Google Ads,7150.95,20018.0,800.0
2024-11-04,CMP_001,Google Ads,3979.25,38015.0,1107.0
2024-11-04,CMP_002,Meta,1960.88,29876.0,700.0
2024-11-04,CMP_006,Google Ads,2635.39,37671.0,1653.0
2024-11-04,CMP_005,LINKEDIN,3224.67,10107.0,141.0
2024-11-04, CMP_004 ,META,2277.71,22236.0,528.0
2024-11-04,CMP_015,Google Ads,3552.73,23965.0,747.0
2024-11-04,CMP_011,Meta,940.86,10689.0,286.0
2024-11-04,CMP_014,LinkedIn,2075.29,8608.0,86.0
2024-11-04,CMP_010,Google Ads,4123.52,21929.0,673.0
2024-11-04,CMP_013,META,2791.92,38168.0,824.0
2024-11-04,CMP_009,Meta,1931.14,19125.0,542.0
2024-11-04,CMP_007,Meta,1271.32,14335.0,422.0
2024-11-04,CMP_003,Meta,2741.24,28881.0,706.0
2024-11-04,CMP_012,Google Ads,4353.86,46460.0,1634.0
2024-11-04,CMP_008 ,LinkedIn,1735.81,12062.0,163.0
2024-11-05,CMP_008 ,LinkedIn,2840.71,7296.0,103.0
2024-11-05,CMP_014,LinkedIn,2196.36,9092.0,170.0
2024-11-05,CMP_012,Google Ads,2226.15,46477.0,2162.0
2024-11-05,CMP_001,Google Ads,3650.98,21657.0,
11-05-2024,CMP_011,Meta,1989.29,10483.0,360.0
2024-11-05,CMP_002,Meta,2838.01,37810.0,745.0
2024-11-05,CMP_013,META,1694.11,25773.0,496.0
2024-11-05,CMP_007,Meta,1682.29,11921.0,218.0
2024-11-05,CMP_006,Google Ads,2006.47,32793.0,1037.0
2024-11-05,CMP_003,Meta,2524.96,24909.0,515.0
2024-11-05,CMP_009,Meta,2332.5,33937.0,1184.0
2024-11-05,CMP_010,Google Ads,3667.3,43540.0,1618.0
2024-11-05,CMP_005,LINKEDIN,1974.74,8566.0,168.0
2024-11-05,CMP_015,Google Ads,3737.54,37766.0,1001.0
2024-11-06,CMP_001,Google Ads,2203.88,48240.0,1489.0
2024-11-06,CMP_015,Google Ads,2359.66,49172.0,1929.0
2024-11-06,CMP_010,Google Ads,3736.76,21302.0,862.0
2024-11-06,CMP_008 ,LinkedIn,2548.06,14562.0,227.0
2024-11-06,CMP_009,Meta,1496.01,18544.0,353.0
2024-11-06,CMP_011,Meta,2375.62,17821.0,361.0
2024-11-06,CMP_003,Meta,1087.93,31151.0,654.0
2024-11-06,CMP_014,LinkedIn,2290.44,6188.0,62.0
2024-11-06,CMP_005,LINKEDIN,3052.9,14224.0,283.0
2024-11-06,CMP_012,Google Ads,2219.78,26984.0,1015.0
2024-11-06,CMP_002,Meta,1091.4,21436.0,699.0
2024-11-06,CMP_006,Google Ads,4637.81,32108.0,1031.0
2024-11-06,CMP_013,META,1764.01,27800.0,808.0
2024-11-07,CMP_011,Meta,1053.94,13507.0,403.0
2024-11-07,CMP_014,LinkedIn,1888.62,9616.0,154.0
2024-11-07,CMP_009,Meta,2378.75,16671.0,479.0
2024-11-07,CMP_005,LINKEDIN,3632.28,13280.0,197.0
2024-11-07,CMP_015,Google Ads,4716.01,47725.0,1253.0
2024-11-07,CMP_002,Meta,2195.43,37176.0,763.0
2024-11-07,CMP_003,Meta,807.8,35268.0,621.0
2024-11-07,CMP_012,Google Ads,₹4939.39,25294.0,1101.0
2024-11-08,CMP_009,Meta,1478.17,39457.0,1328.0
2024-11-08,CMP_001,Google Ads,4916.59,21307.0,1011.0
2024-11-08,CMP_002,Meta,1262.17,18176.0,515.0
2024-11-08,CMP_013,META,1578.09,28346.0,926.0
2024-11-08,CMP_003,Meta,1694.03,30337.0,909.0
2024-11-08,CMP_015,Google Ads,4777.29,27757.0,1293.0
2024-11-08,CMP_014,LinkedIn,3940.52,7900.0,148.0
2024-11-08,CMP_006,Google Ads,2074.36,,2123.0
2024-11-08,CMP_005,LINKEDIN,3455.97,11745.0,211.0
2024-11-08,CMP_007,Meta,2700.94,36566.0,729.0
2024-11-08,CMP_012,Google Ads,2477.59,42979.0,1190.0
2024-11-08, CMP_004 ,META,2718.77,38134.0,930.0
2024-11-08,CMP_010,Google Ads,2598.72,35083.0,1183.0
2024-11-08,CMP_011,Meta,2605.18,38551.0,753.0
2024-11-09,CMP_011,Meta,3316.89,23096.0,660.0
2024-11-09, CMP_004 ,META,3984.08,20851.0,704.0
2024-11-09,CMP_007,Meta,1580.63,18559.0,344.0
2024-11-09,CMP_006,Google Ads,7331.4,28698.0,744.0
2024-11-09,CMP_005,LINKEDIN,4487.14,10663.0,184.0
2024-11-09,CMP_002,Meta,2235.14,29864.0,1035.0
2024-11-09,CMP_015,Google Ads,3520.41,49474.0,1950.0
2024-11-09,CMP_012,Google Ads,4146.25,43225.0,1551.0
2024-11-10,CMP_006,Google Ads,4391.78,33382.0,1106.0
2024-11-10,CMP_007,Meta,3500.79,28166.0,494.0
2024-11-10,CMP_002,Meta,2587.47,22423.0,640.0
2024-11-10,CMP_011,Meta,4179.26,30169.0,795.0
11-10-2024,CMP_015,Google Ads,4827.34,47319.0,1183.0
2024-11-10,CMP_010,Google Ads,4291.11,34086.0,1521.0
2024-11-10,CMP_012,Google Ads,5729.98,30559.0,1119.0
2024-11-10,CMP_013,META,2659.13,17002.0,428.0
2024-11-10,CMP_009,Meta,3819.33,36084.0,1072.0
2024-11-10,CMP_003,Meta,3374.21,19299.0,488.0
2024-11-10,CMP_005,LINKEDIN,4623.53,10491.0,114.0
11/11/2024,CMP_011,Meta,1801.92,39036.0,1077.0
2024-11-11,CMP_005,LINKEDIN,1986.09,11291.0,168.0
2024-11-11, CMP_004 ,META,1336.77,31497.0,905.0
2024-11-11,CMP_013,META,2763.85,38194.0,1161.0
2024-11-11,CMP_003,Meta,1034.49,23931.0,463.0
2024-11-11,CMP_001,Google Ads,4412.33,42803.0,1624.0
2024-11-11,CMP_010,Google Ads,2150.66,28165.0,1350.0
2024-11-11,CMP_012,Google Ads,2364.08,24369.0,1097.0
2024-11-11,CMP_008 ,LinkedIn,3168.94,14157.0,225.0
2024-11-11,CMP_014,LinkedIn,3875.1,12251.0,197.0
2024-11-11,CMP_009,Meta,2382.4,26540.0,624.0
2024-11-12,CMP_015,Google Ads,4140.63,27683.0,880.0
11-12-2024,CMP_003,Meta,1503.36,27699.0,460.0
2024-11-12,CMP_012,Google Ads,2452.49,32551.0,1378.0
2024-11-12,CMP_008 ,LinkedIn,3266.05,6052.0,85.0
2024-11-12,CMP_013,META,1527.94,25267.0,589.0
2024-11-12,CMP_005,LINKEDIN,2017.09,11883.0,165.0
2024-11-12, CMP_004 ,META,2493.55,32790.0,504.0
2024-11-12,CMP_010,Google Ads,4641.97,38864.0,1341.0
2024-11-12,CMP_007,Meta,812.97,,451.0
2024-11-12,CMP_011,Meta,1657.97,39217.0,1336.0
2024-11-12,CMP_009,Meta,1721.85,34494.0,1024.0
2024-11-12,CMP_002,Meta,2559.71,39419.0,765.0
2024-11-12,CMP_006,Google Ads,2658.26,34281.0,1273.0
2024-11-12,CMP_014,LinkedIn,₹2472.14,11624.0,200.0
2024-11-12,CMP_001,Google Ads,4521.52,24182.0,1197.0
2024-11-13,CMP_015,Google Ads,2407.1,35128.0,1037.0
2024-11-13,CMP_007,Meta,1372.34,20726.0,398.0
2024-11-13,CMP_010,Google Ads,2980.54,44943.0,2111.0
2024-11-13,CMP_013,META,1412.16,37260.0,-62.0
2024-11-13,CMP_011,Meta,2636.8,25411.0,391.0
2024-11-13,CMP_001,Google Ads,3618.26,31467.0,963.0
2024-11-13,CMP_002,Meta,950.96,31356.0,495.0
2024-11-13,CMP_014,LinkedIn,1577.57,9051.0,108.0
2024-11-14,CMP_010,Google Ads,4098.39,45129.0,1544.0
2024-11-14,CMP_003,Meta,2132.96,34508.0,1013.0
2024-11-14, CMP_004 ,META,2511.14,15366.0,526.0
2024-11-14,CMP_014,LinkedIn,1770.25,5420.0,104.0
2024-11-14,CMP_008 ,LinkedIn,2939.49,11149.0,155.0
2024-11-14,CMP_002,Meta,2373.03,12490.0,335.0
2024-11-14,CMP_013,META,2627.26,17957.0,305.0
2024-11-14,CMP_011,Meta,2499.46,37862.0,1086.0
2024-11-15,CMP_013,META,1913.11,21181.0,323.0
2024-11-15,CMP_010,Google Ads,3260.18,36062.0,996.0
2024-11-15,CMP_015,Google Ads,4882.36,40826.0,1930.0
2024-11-15,CMP_001,Google Ads,3379.22,25013.0,897.0
2024-11-15,CMP_006,Google Ads,4201.39,41314.0,1311.0
2024-11-15,CMP_009,Meta,2578.04,27634.0,842.0
2024-11-15,CMP_007,Meta,1822.72,37057.0,1097.0
2024-11-15,CMP_011,Meta,1390.47,37908.0,754.0
2024-11-15,CMP_012,Google Ads,4803.87,29139.0,1370.0
2024-11-16,CMP_013,META,2808.91,21626.0,669.0
2024-11-16,CMP_008 ,LinkedIn,3526.27,14767.0,251.0
2024-11-16,CMP_010,Google Ads,4243.21,20332.0,
2024-11-16,CMP_015,Google Ads,3859.75,27908.0,1200.0
2024-11-16,CMP_011,Meta,2812.31,34843.0,690.0
2024-11-16,CMP_007,Meta,2771.11,33325.0,827.0
2024-11-16,CMP_006,Google Ads,6568.2,23049.0,745.0
2024-11-16,CMP_001,Google Ads,4819.81,27972.0,913.0
2024-11-16, CMP_004 ,META,3119.13,25507.0,664.0
2024-11-16,CMP_003,Meta,2334.4,34442.0,895.0
2024-11-16,CMP_002,Meta,2360.97,24868.0,507.0
2024-11-17, CMP_004 ,META,3591.13,34910.0,889.0
2024-11-17,CMP_002,Meta,2133.9,13294.0,420.0
2024-11-17,CMP_012,Google Ads,4333.11,31825.0,938.0
2024-11-17,CMP_015,Google Ads,3063.67,37502.0,1056.0
2024-11-17,CMP_006,Google Ads,3204.82,21786.0,846.0
2024-11-17,CMP_014,LinkedIn,4865.32,7068.0,115.0
2024-11-17,CMP_009,Meta,3684.21,13361.0,433.0
2024-11-17,CMP_003,Meta,3094.41,25381.0,623.0
2024-11-17,CMP_010,Google Ads,4533.18,21683.0,678.0
2024-11-17,CMP_007,Meta,4043.69,13738.0,431.0
2024-11-17,CMP_013,META,2522.33,12427.0,329.0
2024-11-17,CMP_008 ,LinkedIn,₹4824.19,7485.0,86.0
2024-11-18,CMP_002,Meta,1471.84,30349.0,491.0
2024-11-18, CMP_004 ,META,2912.24,13251.0,449.0
2024-11-18,CMP_015,Google Ads,2623.36,26914.0,850.0
2024-11-18,CMP_009,Meta,978.61,17859.0,329.0
2024-11-18,CMP_007,Meta,965.14,10087.0,233.0
2024-11-18,CMP_010,Google Ads,4068.11,35398.0,1142.0
2024-11-18,CMP_014,LinkedIn,2078.69,9632.0,164.0
2024-11-18,CMP_011,Meta,1798.87,,639.0
2024-11-18,CMP_012,Google Ads,2793.66,45927.0,1865.0
2024-11-18,CMP_008 ,LinkedIn,3152.96,8241.0,117.0
2024-11-18,CMP_003,Meta,1998.04,31221.0,561.0
2024-11-18,CMP_006,Google Ads,2796.9,24660.0,660.0
2024-11-19,CMP_013,META,1469.0,23189.0,785.0
2024-11-19,CMP_005,LINKEDIN,2751.18,13090.0,188.0
2024-11-19,CMP_010,Google Ads,3794.11,49144.0,1759.0
2024-11-19,CMP_012,Google Ads,2966.96,28204.0,723.0
2024-11-19,CMP_015,Google Ads,2686.77,42095.0,1932.0
2024-11-19,CMP_014,LinkedIn,2938.0,5339.0,106.0
2024-11-19,CMP_008 ,LinkedIn,3180.7,9415.0,148.0
2024-11-19,CMP_002,Meta,2478.84,15740.0,384.0
2024-11-19, CMP_004 ,META,2233.32,19114.0,356.0
2024-11-19,CMP_006,Google Ads,3755.99,40800.0,1850.0
2024-11-20,CMP_008 ,LinkedIn,3234.18,9722.0,161.0
11-20-2024,CMP_006,Google Ads,3201.36,44920.0,1740.0
2024-11-20,CMP_007,Meta,1800.62,20306.0,407.0
2024-11-20,CMP_014,LinkedIn,1789.8,11622.0,216.0
2024-11-20,CMP_012,Google Ads,4474.78,20037.0,830.0
2024-11-20,CMP_002,Meta,1993.71,23541.0,378.0
2024-11-20,CMP_003,Meta,1940.57,30402.0,915.0
20/11/2024,CMP_011,Meta,2175.9,34903.0,559.0
2024-11-20, CMP_004 ,META,1387.52,14293.0,479.0
2024-11-21,CMP_015,Google Ads,3384.34,23849.0,982.0
2024-11-21,CMP_012,Google Ads,2461.91,43481.0,1404.0
2024-11-21,CMP_008 ,LinkedIn,3263.53,11807.0,216.0
2024-11-21,CMP_002,Meta,2956.54,17986.0,434.0
2024-11-21,CMP_001,Google Ads,2433.93,26245.0,1260.0
2024-11-21,CMP_010,Google Ads,3524.72,48813.0,1386.0
2024-11-21, CMP_004 ,META,953.58,35319.0,1087.0
2024-11-21,CMP_003,Meta,1712.87,35811.0,900.0
2024-11-21,CMP_013,META,2605.21,19268.0,568.0
2024-11-21,CMP_005,LINKEDIN,3593.69,14501.0,289.0
2024-11-21,CMP_011,Meta,1877.21,14869.0,355.0
2024-11-21,CMP_009,Meta,1865.55,20893.0,544.0
2024-11-21,CMP_006,Google Ads,₹3630.29,34920.0,1687.0
2024-11-21,CMP_007,Meta,2713.12,32855.0,649.0
2024-11-21,CMP_014,LinkedIn,₹2457.43,11730.0,122.0
2024-11-22,CMP_012,Google Ads,3577.85,34972.0,887.0
22/11/2024,CMP_013,META,1117.14,38538.0,1082.0
2024-11-22,CMP_007,Meta,1139.59,25384.0,777.0
2024-11-22,CMP_014,LinkedIn,2162.56,11512.0,189.0
2024-11-22,CMP_011,Meta,2673.88,37929.0,1080.0
2024-11-22,CMP_003,Meta,1973.97,20376.0,561.0
2024-11-22,CMP_008 ,LinkedIn,3718.6,12994.0,243.0
2024-11-22,CMP_001,Google Ads,2107.7,22242.0,686.0
2024-11-22,CMP_002,Meta,2305.68,19416.0,678.0
2024-11-22,CMP_005,LINKEDIN,3366.92,12110.0,239.0
2024-11-22,CMP_006,Google Ads,4281.11,43065.0,2016.0
2024-11-22,CMP_010,Google Ads,3331.04,42741.0,1388.0
2024-11-22,CMP_009,Meta,863.68,20629.0,637.0
2024-11-22,CMP_015,Google Ads,2880.1,32282.0,1154.0
2024-11-22, CMP_004 ,META,1337.23,23502.0,618.0
2024-11-23,CMP_003,Meta,1966.22,30902.0,620.0
2024-11-23,CMP_015,Google Ads,4148.97,20307.0,964.0
2024-11-23,CMP_002,Meta,2735.34,19425.0,554.0
2024-11-23,CMP_010,Google Ads,3710.89,34474.0,1676.0
2024-11-23,CMP_007,Meta,4459.25,19802.0,550.0
2024-11-23,CMP_012,Google Ads,4909.39,28195.0,1026.0
2024-11-23, CMP_004 ,META,2197.0,22605.0,724.0
2024-11-23,CMP_008 ,LinkedIn,2649.95,11248.0,176.0
2024-11-23,CMP_005,LINKEDIN,4405.54,9837.0,100.0
2024-11-23,CMP_013,META,3939.12,22969.0,470.0
2024-11-24,CMP_015,Google Ads,5864.78,40345.0,1261.0
2024-11-24,CMP_010,Google Ads,6400.1,45148.0,1872.0
11-24-2024,CMP_012,Google Ads,6772.52,40586.0,1113.0
2024-11-24,CMP_008 ,LinkedIn,4602.97,5645.0,73.0
2024-11-24,CMP_005,LINKEDIN,3903.09,14495.0,197.0
2024-11-24, CMP_004 ,META,1633.66,39806.0,832.0
2024-11-24,CMP_006,Google Ads,6363.66,25755.0,773.0
2024-11-24,CMP_014,LinkedIn,5199.42,10994.0,168.0
2024-11-25,CMP_014,LinkedIn,3918.17,14131.0,192.0
2024-11-25,CMP_003,Meta,2539.5,10456.0,212.0
2024-11-25,CMP_005,LINKEDIN,1808.97,11038.0,184.0
25/11/2024,CMP_008 ,LinkedIn,3180.85,14577.0,201.0
2024-11-25,CMP_013,META,2204.81,22172.0,380.0
25/11/2024,CMP_006,Google Ads,2701.47,20820.0,842.0
2024-11-25,CMP_002,Meta,2874.97,20748.0,691.0
2024-11-25,CMP_012,Google Ads,2664.1,22071.0,902.0
2024-11-25,CMP_001,Google Ads,3392.8,42972.0,1398.0
2024-11-25,CMP_009,Meta,1698.25,14580.0,231.0
2024-11-25,CMP_010,Google Ads,2111.64,36142.0,1008.0
2024-11-25, CMP_004 ,META,1316.56,27614.0,489.0
2024-11-26,CMP_006,Google Ads,2651.81,34571.0,1685.0
2024-11-26,CMP_011,Meta,2681.99,13255.0,458.0
11-26-2024,CMP_012,Google Ads,3102.0,49546.0,2449.0
2024-11-26,CMP_013,META,1589.08,23046.0,472.0
2024-11-26,CMP_009,Meta,2930.06,37788.0,1189.0
2024-11-26,CMP_007,Meta,1001.68,16950.0,471.0
2024-11-26,CMP_003,Meta,2113.72,10699.0,171.0
2024-11-26,CMP_010,Google Ads,3000.53,24126.0,1077.0
2024-11-26,CMP_015,Google Ads,2615.62,47191.0,2082.0
2024-11-26,CMP_001,Google Ads,2621.47,27076.0,1227.0
2024-11-26, CMP_004 ,META,1312.6,35374.0,635.0
2024-11-26,CMP_005,LINKEDIN,3751.33,5046.0,64.0
2024-11-26,CMP_002,Meta,2964.86,14259.0,367.0
2024-11-26,CMP_008 ,LinkedIn,3496.28,6801.0,112.0
2024-11-26,CMP_014,LinkedIn,1564.45,5243.0,71.0
2024-11-27,CMP_010,Google Ads,3428.74,45494.0,1549.0
2024-11-27,CMP_006,Google Ads,3781.0,34811.0,1308.0
11-27-2024,CMP_001,Google Ads,4836.25,21420.0,924.0
2024-11-27,CMP_003,Meta,2799.25,31590.0,803.0
11-27-2024,CMP_005,LINKEDIN,2645.11,5510.0,58.0
2024-11-27,CMP_013,META,1853.76,23160.0,544.0
2024-11-27,CMP_012,Google Ads,2323.89,43343.0,2069.0
2024-11-27,CMP_007,Meta,961.68,12647.0,271.0
2024-11-27,CMP_011,Meta,1126.33,14135.0,289.0
2024-11-27,CMP_015,Google Ads,3899.23,37968.0,1625.0
2024-11-27,CMP_014,LinkedIn,2452.26,14787.0,226.0
2024-11-28,CMP_009,Meta,2405.15,20241.0,476.0
2024-11-28,CMP_010,Google Ads,3995.32,32265.0,1575.0
2024-11-28,CMP_007,Meta,2311.01,25540.0,417.0
2024-11-28,CMP_002,Meta,2629.9,13054.0,308.0
2024-11-28,CMP_012,Google Ads,4233.77,32210.0,1458.0
2024-11-28,CMP_015,Google Ads,3669.11,39217.0,1918.0
2024-11-28, CMP_004 ,META,2035.7,31954.0,557.0
2024-11-28,CMP_013,META,1577.92,31801.0,1075.0
2024-11-28,CMP_014,LinkedIn,2557.34,5842.0,114.0
2024-11-28,CMP_011,Meta,2120.9,21522.0,367.0
2024-11-28,CMP_008 ,LinkedIn,2768.53,7535.0,124.0
2024-11-28,CMP_003,Meta,1293.34,13546.0,298.0
2024-11-28,CMP_006,Google Ads,3668.8,23764.0,1047.0
2024-11-28,CMP_005,LINKEDIN,2935.25,12030.0,221.0
2024-11-28,CMP_001,Google Ads,4923.64,46818.0,1898.0
2024-11-29,CMP_010,Google Ads,4764.61,31502.0,792.0
2024-11-29,CMP_011,Meta,2713.7,28557.0,803.0
2024-11-29,CMP_012,Google Ads,2208.76,44280.0,1807.0
2024-11-29,CMP_005,LINKEDIN,1576.64,13691.0,166.0
2024-11-29,CMP_001,Google Ads,3259.5,31170.0,901.0
2024-11-29,CMP_003,Meta,₹1485.6,20629.0,629.0
2024-11-29,CMP_013,META,2048.71,12783.0,417.0
2024-11-29,CMP_009,Meta,1142.28,34721.0,949.0
11-30-2024,CMP_005,LINKEDIN,3058.38,13394.0,149.0
2024-11-30,CMP_008 ,LinkedIn,3862.18,9640.0,161.0
2024-11-30,CMP_011,Meta,3157.34,27266.0,772.0
2024-11-30,CMP_007,Meta,1349.88,22951.0,796.0
2024-11-30,CMP_014,LinkedIn,2455.43,8349.0,108.0
2024-11-30,CMP_010,Google Ads,3950.55,24496.0,1080.0
2024-11-30,CMP_013,META,2155.18,13931.0,211.0
2024-11-30,CMP_012,Google Ads,6361.56,25757.0,727.0
2024-11-30,CMP_003,Meta,2957.52,17540.0,438.0
2024-12-01,CMP_002,Meta,2534.6,30976.0,723.0
2024-12-01,CMP_007,Meta,1580.07,10683.0,366.0
2024-12-01,CMP_012,Google Ads,3773.43,40254.0,1469.0
2024-12-01,CMP_001,Google Ads,6103.25,31857.0,866.0
2024-12-01,CMP_014,LinkedIn,5416.82,,129.0
2024-12-01,CMP_013,META,2521.48,12577.0,288.0
2024-12-01,CMP_008 ,LinkedIn,3413.53,10562.0,129.0
2024-12-01,CMP_015,Google Ads,6506.03,22502.0,849.0
2024-12-01,CMP_011,Meta,1576.29,26710.0,504.0
2024-12-01,CMP_003,Meta,3761.55,21504.0,635.0
2024-12-01,CMP_005,LINKEDIN,5321.06,7419.0,91.0
2024-12-01, CMP_004 ,META,1683.27,16464.0,304.0
2024-12-01,CMP_006,Google Ads,3687.91,44875.0,1857.0
2024-12-02,CMP_013,META,1495.51,24410.0,399.0
2024-12-02,CMP_011,Meta,1772.86,19922.0,616.0
2024-12-02,CMP_008 ,LinkedIn,2978.55,10766.0,162.0
2024-12-02,CMP_015,Google Ads,2931.22,34808.0,902.0
02/12/2024,CMP_010,Google Ads,3106.21,29406.0,791.0
2024-12-02,CMP_014,LinkedIn,3660.63,6479.0,104.0
2024-12-02,CMP_012,Google Ads,3521.2,35162.0,1389.0
2024-12-02,CMP_006,Google Ads,4862.69,44212.0,2095.0
2024-12-02,CMP_007,Meta,1789.41,36536.0,965.0
2024-12-02,CMP_009,Meta,1214.13,29824.0,731.0
2024-12-03,CMP_001,Google Ads,3313.27,34398.0,1310.0
2024-12-03,CMP_008 ,LinkedIn,3024.51,10962.0,150.0
2024-12-03,CMP_002,Meta,1422.37,23394.0,713.0
03/12/2024,CMP_006,Google Ads,4036.69,21715.0,971.0
2024-12-03,CMP_013,META,2224.07,12159.0,262.0
2024-12-03,CMP_009,Meta,2027.52,22666.0,468.0
2024-12-03,CMP_003,Meta,2392.21,31514.0,1080.0
2024-12-03,CMP_015,Google Ads,3808.1,24927.0,830.0
2024-12-03,CMP_011,Meta,2082.03,14634.0,487.0
2024-12-03,CMP_012,Google Ads,2930.7,41497.0,1762.0
2024-12-04,CMP_003,Meta,1918.67,10597.0,235.0
2024-12-04,CMP_010,Google Ads,2540.79,27018.0,906.0
2024-12-04,CMP_012,Google Ads,4298.47,26291.0,806.0
2024-12-04,CMP_002,Meta,1102.64,12528.0,262.0
2024-12-04,CMP_005,LINKEDIN,3470.3,13317.0,235.0
2024-12-04,CMP_009,Meta,₹2637.26,38956.0,994.0
2024-12-04,CMP_007,Meta,2256.24,38717.0,1174.0
2024-12-04,CMP_006,Google Ads,2393.15,32344.0,933.0
2024-12-04,CMP_014,LinkedIn,1952.11,7712.0,132.0
2024-12-04,CMP_013,META,896.12,21937.0,625.0
2024-12-04,CMP_011,Meta,1322.57,24555.0,668.0
2024-12-04,CMP_001,Google Ads,4257.17,45683.0,1654.0
2024-12-04,CMP_015,Google Ads,3602.03,30140.0,1481.0
2024-12-04,CMP_008 ,LinkedIn,3460.93,8178.0,111.0
2024-12-05,CMP_008 ,LinkedIn,3685.29,14085.0,272.0
2024-12-05,CMP_013,META,2365.08,26905.0,861.0
2024-12-05,CMP_005,LINKEDIN,2212.66,7626.0,97.0
2024-12-05,CMP_007,Meta,2791.67,14828.0,468.0
2024-12-05,CMP_009,Meta,1001.77,39835.0,774.0
2024-12-05,CMP_011,Meta,1792.48,21455.0,721.0
2024-12-05,CMP_012,Google Ads,3244.69,32991.0,1238.0
2024-12-05,CMP_003,Meta,1318.71,12674.0,285.0
2024-12-05,CMP_010,Google Ads,2084.56,23246.0,1068.0
2024-12-05,CMP_002,Meta,2229.91,,643.0
2024-12-05,CMP_014,LinkedIn,1595.76,12740.0,216.0
2024-12-05,CMP_006,Google Ads,2416.38,43119.0,1583.0
2024-12-05, CMP_004 ,META,2153.77,39683.0,658.0
2024-12-05,CMP_001,Google Ads,2767.77,47360.0,1361.0
2024-12-05,CMP_015,Google Ads,4820.68,39951.0,1525.0
2024-12-06,CMP_013,META,2546.58,24978.0,406.0
2024-12-06,CMP_005,LINKEDIN,3591.72,13189.0,210.0
2024-12-06, CMP_004 ,META,836.16,26887.0,712.0
2024-12-06,CMP_014,LinkedIn,3296.36,9772.0,139.0
2024-12-06,CMP_002,Meta,2152.58,17882.0,472.0
2024-12-06,CMP_001,Google Ads,2561.94,41896.0,1137.0
2024-12-06,CMP_015,Google Ads,4923.96,22217.0,1084.0
2024-12-06,CMP_007,Meta,1996.98,35769.0,1243.0
2024-12-06,CMP_006,Google Ads,3662.46,32794.0,1535.0
07/12/2024,CMP_011,Meta,1995.72,31531.0,869.0
2024-12-07,CMP_007,Meta,3745.95,34090.0,1027.0
07/12/2024,CMP_006,Google Ads,3600.34,31544.0,1219.0
2024-12-07,CMP_005,LINKEDIN,5300.66,7868.0,144.0
2024-12-07,CMP_001,Google Ads,6081.07,42786.0,1581.0
2024-12-07,CMP_013,META,1801.52,14418.0,234.0
2024-12-07,CMP_002,Meta,3761.43,24997.0,393.0
2024-12-07,CMP_010,Google Ads,3907.16,45923.0,1377.0
12-08-2024,CMP_006,Google Ads,6389.81,26262.0,844.0
2024-12-08,CMP_005,LINKEDIN,5483.02,5783.0,107.0
2024-12-08,CMP_009,Meta,2295.35,14078.0,436.0
2024-12-08,CMP_007,Meta,2641.94,23107.0,690.0
2024-12-08,CMP_013,META,4152.3,22669.0,493.0
2024-12-08,CMP_008 ,LinkedIn,2950.56,13151.0,179.0
2024-12-08,CMP_014,LinkedIn,5239.84,9369.0,168.0
2024-12-08,CMP_001,Google Ads,6271.87,22586.0,807.0
2024-12-09,CMP_009,Meta,2378.86,15460.0,445.0
2024-12-09,CMP_005,LINKEDIN,2378.87,5693.0,98.0
2024-12-09,CMP_006,Google Ads,4734.82,40147.0,2005.0
2024-12-09,CMP_002,Meta,1404.02,35935.0,1220.0
09/12/2024,CMP_012,Google Ads,2225.12,40890.0,1437.0
2024-12-09,CMP_013,META,1928.79,34572.0,988.0
2024-12-09,CMP_014,LinkedIn,3881.97,,135.0
2024-12-09,CMP_015,Google Ads,4034.27,34358.0,888.0
2024-12-09, CMP_004 ,META,947.91,35510.0,990.0
2024-12-09,CMP_008 ,LinkedIn,2405.38,14293.0,147.0
2024-12-10,CMP_011,Meta,2229.03,18179.0,621.0
2024-12-10,CMP_008 ,LinkedIn,₹1564.78,8048.0,
2024-12-10,CMP_006,Google Ads,3160.96,38404.0,1073.0
2024-12-10,CMP_013,META,2504.92,33069.0,791.0
2024-12-10,CMP_014,LinkedIn,3990.91,9678.0,163.0
2024-12-10,CMP_002,Meta,2996.98,16559.0,289.0
2024-12-10,CMP_003,Meta,2676.22,24812.0,457.0
2024-12-10,CMP_012,Google Ads,4140.11,22876.0,1035.0
2024-12-10, CMP_004 ,META,2928.63,20472.0,580.0
2024-12-10,CMP_009,Meta,2360.99,28022.0,724.0
12-11-2024,CMP_014,LinkedIn,3475.93,5430.0,73.0
2024-12-11,CMP_003,Meta,2059.01,25315.0,786.0
2024-12-11,CMP_012,Google Ads,₹3654.94,40052.0,1886.0
2024-12-11,CMP_013,META,944.65,23046.0,806.0
2024-12-11,CMP_011,Meta,2381.51,27225.0,632.0
2024-12-11,CMP_015,Google Ads,₹3228.3,38838.0,1042.0
2024-12-11,CMP_006,Google Ads,4917.14,41048.0,1102.0
2024-12-11, CMP_004 ,META,1824.83,26952.0,589.0
2024-12-11,CMP_001,Google Ads,₹4633.88,45567.0,1767.0
2024-12-11,CMP_002,Meta,2093.13,35158.0,1206.0
2024-12-11,CMP_009,Meta,1751.76,39842.0,1289.0
2024-12-11,CMP_005,LINKEDIN,3578.48,13488.0,155.0
2024-12-12,CMP_003,Meta,2197.13,28049.0,574.0
2024-12-12,CMP_006,Google Ads,3875.07,40133.0,1538.0
2024-12-12,CMP_012,Google Ads,3507.72,25525.0,1015.0
2024-12-12, CMP_004 ,META,2077.42,15609.0,439.0
2024-12-12,CMP_014,LinkedIn,3301.58,14914.0,199.0
2024-12-12,CMP_009,Meta,2832.65,11349.0,357.0
2024-12-12,CMP_005,LINKEDIN,1570.93,5744.0,111.0
2024-12-12,CMP_002,Meta,2496.25,18672.0,523.0
2024-12-12,CMP_015,Google Ads,4300.88,33650.0,1361.0
2024-12-12,CMP_008 ,LinkedIn,1575.71,13938.0,-59.0
2024-12-13,CMP_008 ,LinkedIn,2539.05,12609.0,151.0
2024-12-13, CMP_004 ,META,2134.65,20242.0,652.0
2024-12-13,CMP_013,META,1502.5,38205.0,836.0
2024-12-13,CMP_011,Meta,1677.18,34925.0,782.0
2024-12-13,CMP_007,Meta,2035.63,20456.0,405.0
2024-12-13,CMP_005,LINKEDIN,1806.3,12366.0,154.0
2024-12-13,CMP_015,Google Ads,2290.43,29509.0,1435.0
2024-12-13,CMP_002,Meta,2701.16,23701.0,473.0
2024-12-13,CMP_006,Google Ads,4595.92,25233.0,1143.0
2024-12-13,CMP_001,Google Ads,4801.25,43629.0,1431.0
2024-12-13,CMP_009,Meta,2478.87,26327.0,919.0
2024-12-13,CMP_014,LinkedIn,2667.04,10055.0,150.0
2024-12-14,CMP_007,Meta,2128.48,29579.0,965.0
2024-12-14,CMP_009,Meta,3359.06,25420.0,526.0
2024-12-14,CMP_008 ,LinkedIn,2280.67,6761.0,96.0
2024-12-14, CMP_004 ,META,4112.1,33838.0,755.0
2024-12-14,CMP_012,Google Ads,4814.64,21482.0,752.0
2024-12-14,CMP_010,Google Ads,5566.27,26378.0,898.0
2024-12-14,CMP_006,Google Ads,4298.71,32659.0,1228.0
2024-12-14,CMP_001,Google Ads,6439.82,29165.0,1330.0
2024-12-14,CMP_013,META,3256.7,30022.0,521.0
2024-12-15,CMP_007,Meta,2880.1,26386.0,417.0
2024-12-15,CMP_006,Google Ads,3175.11,43382.0,1445.0
2024-12-15,CMP_013,META,2763.36,24974.0,449.0
2024-12-15,CMP_014,LinkedIn,5599.24,7290.0,96.0
2024-12-15,CMP_009,Meta,₹3223.12,15324.0,350.0
2024-12-15,CMP_012,Google Ads,5774.25,47610.0,1546.0
2024-12-15,CMP_003,Meta,2310.03,37141.0,935.0
2024-12-15, CMP_004 ,META,2816.49,28445.0,597.0
2024-12-15,CMP_005,LINKEDIN,5309.06,11035.0,146.0
2024-12-16,CMP_007,Meta,2522.39,35433.0,941.0
2024-12-16,CMP_010,Google Ads,2682.63,21682.0,858.0
2024-12-16,CMP_005,LINKEDIN,₹1926.28,11229.0,128.0
2024-12-16,CMP_012,Google Ads,4042.18,21034.0,826.0
2024-12-16,CMP_011,Meta,2341.15,16251.0,249.0
2024-12-16,CMP_001,Google Ads,2941.08,24962.0,881.0
2024-12-16,CMP_008 ,LinkedIn,2009.73,13221.0,234.0
2024-12-16,CMP_013,META,2825.15,38600.0,1233.0
2024-12-16,CMP_006,Google Ads,4182.21,43126.0,1227.0
2024-12-17,CMP_009,Meta,2001.8,32146.0,978.0
2024-12-17,CMP_006,Google Ads,4162.77,41079.0,1852.0
17/12/2024,CMP_011,Meta,1381.6,25865.0,487.0
2024-12-17,CMP_008 ,LinkedIn,2116.3,14143.0,183.0
2024-12-17,CMP_015,Google Ads,4824.46,29752.0,1317.0
2024-12-17,CMP_007,Meta,2350.78,32617.0,949.0
2024-12-17,CMP_014,LinkedIn,2292.6,10714.0,167.0
12-17-2024,CMP_003,Meta,2855.87,33647.0,688.0
2024-12-17, CMP_004 ,META,1068.12,32171.0,832.0
2024-12-17,CMP_005,LINKEDIN,3739.4,11464.0,208.0
2024-12-17,CMP_012,Google Ads,4863.83,46365.0,1328.0
2024-12-18,CMP_005,LINKEDIN,2005.17,13824.0,175.0
2024-12-18,CMP_012,Google Ads,3686.05,28900.0,821.0
2024-12-18,CMP_002,Meta,2154.49,29229.0,578.0
2024-12-18,CMP_006,Google Ads,2152.3,49661.0,1900.0
2024-12-18,CMP_008 ,LinkedIn,3094.86,5860.0,64.0
2024-12-18,CMP_015,Google Ads,2990.88,35479.0,976.0
2024-12-18,CMP_011,Meta,2495.69,10169.0,348.0
2024-12-18, CMP_004 ,META,2951.4,15175.0,351.0
2024-12-19,CMP_008 ,LinkedIn,₹3834.81,5595.0,111.0
2024-12-19,CMP_011,Meta,1673.39,26232.0,491.0
2024-12-19, CMP_004 ,META,2447.81,38583.0,1293.0
2024-12-19,CMP_005,LINKEDIN,3691.86,5151.0,66.0
2024-12-19,CMP_006,Google Ads,3808.35,30978.0,-67.0
2024-12-19,CMP_012,Google Ads,4967.3,37802.0,1440.0
2024-12-19,CMP_001,Google Ads,4667.78,24397.0,1129.0
2024-12-19,CMP_002,Meta,1829.65,16318.0,508.0
2024-12-19,CMP_014,LinkedIn,2326.71,12518.0,206.0
2024-12-19,CMP_010,Google Ads,4155.79,20461.0,888.0
2024-12-19,CMP_015,Google Ads,4372.3,38605.0,1616.0
2024-12-19,CMP_009,Meta,1224.95,30019.0,964.0
2024-12-19,CMP_013,META,2773.49,37098.0,873.0
2024-12-19,CMP_007,Meta,1521.44,23134.0,656.0
2024-12-19,CMP_003,Meta,1206.52,14607.0,358.0
2024-12-20,CMP_001,Google Ads,2034.31,41419.0,1407.0
2024-12-20,CMP_005,LINKEDIN,2090.76,6936.0,101.0
2024-12-20,CMP_007,Meta,1151.38,32481.0,813.0
2024-12-20, CMP_004 ,META,2769.26,33054.0,1004.0
2024-12-20,CMP_008 ,LinkedIn,3225.73,9833.0,134.0
2024-12-20,CMP_014,LinkedIn,2052.12,7188.0,106.0
20/12/2024,CMP_006,Google Ads,3364.94,39848.0,1368.0
2024-12-20,CMP_010,Google Ads,4105.82,49910.0,1835.0
2024-12-20,CMP_011,Meta,1982.54,31761.0,1000.0
2024-12-20,CMP_009,Meta,2476.09,32293.0,971.0
2024-12-20,CMP_013,META,2720.9,12682.0,323.0
2024-12-21,CMP_002,Meta,3444.97,33491.0,892.0
2024-12-21,CMP_010,Google Ads,3409.24,36723.0,1327.0
2024-12-21,CMP_015,Google Ads,3250.36,24323.0,920.0
2024-12-21,CMP_001,Google Ads,5055.59,21891.0,853.0
2024-12-21,CMP_009,Meta,3420.13,20098.0,592.0
2024-12-21,CMP_011,Meta,2506.63,36753.0,553.0
2024-12-21, CMP_004 ,META,1919.07,12393.0,197.0
2024-12-21,CMP_003,Meta,2336.95,12089.0,312.0
2024-12-21,CMP_013,META,1398.84,39301.0,643.0
12-21-2024,CMP_008 ,LinkedIn,5751.66,5519.0,71.0
2024-12-21,CMP_005,LINKEDIN,2924.93,7218.0,127.0
2024-12-21,CMP_014,LinkedIn,5918.75,11887.0,163.0
2024-12-21,CMP_012,Google Ads,7011.0,34697.0,1621.0
2024-12-22,CMP_007,Meta,3954.91,34778.0,537.0
2024-12-22,CMP_002,Meta,2184.6,32069.0,942.0
2024-12-22,CMP_011,Meta,2599.62,22428.0,705.0
2024-12-22,CMP_013,META,2016.79,21342.0,386.0
2024-12-22,CMP_009,Meta,1821.99,38678.0,1141.0
2024-12-22,CMP_003,Meta,1572.39,36524.0,1030.0
2024-12-22,CMP_006,Google Ads,5767.15,48958.0,2312.0
2024-12-22,CMP_014,LinkedIn,3152.5,6102.0,67.0
2024-12-22,CMP_008 ,LinkedIn,2375.91,14794.0,247.0
2024-12-22,CMP_005,LINKEDIN,5520.8,9009.0,156.0
2024-12-22, CMP_004 ,META,2527.48,17678.0,456.0
2024-12-22,CMP_015,Google Ads,6394.74,45430.0,1199.0
2024-12-22,CMP_010,Google Ads,5267.53,29478.0,909.0
2024-12-22,CMP_001,Google Ads,7123.79,38877.0,1281.0
2024-12-23, CMP_004 ,META,2293.25,28214.0,702.0
2024-12-23,CMP_005,LINKEDIN,₹3930.73,11244.0,200.0
2024-12-23,CMP_003,Meta,1501.22,23642.0,547.0
2024-12-23,CMP_011,Meta,1459.75,16025.0,482.0
2024-12-23,CMP_009,Meta,1841.74,37831.0,737.0
2024-12-23,CMP_015,Google Ads,4572.62,24730.0,1116.0
2024-12-23,CMP_007,Meta,2812.43,28428.0,661.0
12-23-2024,CMP_014,LinkedIn,2541.27,13683.0,155.0
23/12/2024,CMP_013,META,1334.29,16662.0,359.0
2024-12-23,CMP_001,Google Ads,2237.21,34738.0,1604.0
2024-12-23,CMP_008 ,LinkedIn,1731.16,8120.0,85.0
2024-12-23,CMP_002,Meta,1629.77,29823.0,806.0
2024-12-23,CMP_012,Google Ads,4620.86,26165.0,1180.0
2024-12-24,CMP_008 ,LinkedIn,3239.07,8350.0,116.0
2024-12-24, CMP_004 ,META,1326.53,20538.0,626.0
2024-12-24,CMP_006,Google Ads,3141.99,37486.0,1545.0
2024-12-24,CMP_005,LINKEDIN,2271.06,10892.0,164.0
12-24-2024,CMP_001,Google Ads,3491.83,23231.0,1047.0
2024-12-24,CMP_014,LinkedIn,3306.03,10246.0,196.0
2024-12-24,CMP_010,Google Ads,3112.11,33563.0,877.0
2024-12-24,CMP_002,Meta,2700.99,34289.0,614.0
2024-12-24,CMP_013,META,1373.7,29137.0,774.0
2024-12-24,CMP_009,Meta,1718.67,14994.0,283.0
2024-12-24,CMP_015,Google Ads,₹2690.06,38670.0,1772.0
12-25-2024,CMP_009,Meta,2817.18,27764.0,966.0
2024-12-25,CMP_011,Meta,2905.92,27168.0,425.0
25/12/2024,CMP_014,LinkedIn,3616.74,5794.0,102.0
2024-12-25,CMP_006,Google Ads,3237.18,47608.0,1940.0
2024-12-25,CMP_005,LINKEDIN,1669.92,7474.0,75.0
2024-12-25,CMP_008 ,LinkedIn,2764.33,,117.0
2024-12-25,CMP_010,Google Ads,3913.19,40202.0,1922.0
2024-12-25,CMP_015,Google Ads,3977.85,20515.0,516.0
2024-12-25,CMP_002,Meta,2013.62,10388.0,159.0
2024-12-25,CMP_012,Google Ads,4166.58,37555.0,1856.0
12-25-2024,CMP_003,Meta,837.71,36645.0,1061.0
2024-12-25,CMP_007,Meta,1747.26,39811.0,739.0
2024-12-25,CMP_001,Google Ads,4754.15,37183.0,1067.0
2024-12-25, CMP_004 ,META,1222.25,27250.0,546.0
2024-12-25,CMP_013,META,1579.77,36048.0,826.0
2024-12-26,CMP_007,Meta,1847.21,30864.0,468.0
2024-12-26,CMP_008 ,LinkedIn,1928.46,13189.0,243.0
2024-12-26,CMP_010,Google Ads,3934.72,30855.0,1207.0
2024-12-26, CMP_004 ,META,2687.51,13124.0,431.0
2024-12-26,CMP_012,Google Ads,4757.46,27528.0,833.0
2024-12-26,CMP_005,LINKEDIN,3670.29,14286.0,210.0
2024-12-26,CMP_002,Meta,902.44,12436.0,356.0
2024-12-26,CMP_001,Google Ads,2841.12,37794.0,1477.0
2024-12-26,CMP_014,LinkedIn,1582.25,10152.0,103.0
2024-12-26,CMP_011,Meta,1255.75,14724.0,442.0
2024-12-26,CMP_006,Google Ads,4138.13,33051.0,1593.0
2024-12-26,CMP_013,META,1458.41,28479.0,564.0
2024-12-26,CMP_003,Meta,2636.23,22751.0,649.0
2024-12-27,CMP_007,Meta,2131.37,30115.0,1026.0
2024-12-27,CMP_013,META,1672.75,35347.0,760.0
2024-12-27,CMP_012,Google Ads,3902.37,45675.0,2275.0
2024-12-27,CMP_003,Meta,1879.33,21659.0,564.0
2024-12-27,CMP_002,Meta,1625.94,16086.0,459.0
2024-12-27,CMP_009,Meta,2253.48,12808.0,389.0
2024-12-27,CMP_006,Google Ads,2886.14,28075.0,1202.0
2024-12-27,CMP_001,Google Ads,2246.11,25053.0,864.0
2024-12-27,CMP_008 ,LinkedIn,3459.73,7527.0,130.0
2024-12-27, CMP_004 ,META,1496.69,13491.0,227.0
2024-12-27,CMP_011,Meta,2874.51,24573.0,545.0
2024-12-27,CMP_015,Google Ads,2809.3,24341.0,661.0
27/12/2024,CMP_005,LINKEDIN,2577.45,14125.0,219.0
2024-12-28,CMP_002,Meta,3087.47,15556.0,446.0
2024-12-28,CMP_001,Google Ads,3762.76,28811.0,937.0
2024-12-28,CMP_015,Google Ads,5219.06,22073.0,644.0
2024-12-28,CMP_006,Google Ads,4241.83,29822.0,1106.0
2024-12-28,CMP_009,Meta,1453.84,18247.0,618.0
2024-12-28,CMP_013,META,3578.97,26246.0,705.0
2024-12-28,CMP_012,Google Ads,3879.97,23505.0,667.0
2024-12-28,CMP_007,Meta,1222.33,22966.0,497.0
2024-12-28,CMP_014,LinkedIn,4575.72,10399.0,149.0
2024-12-28,CMP_003,Meta,2621.03,36985.0,1190.0
2024-12-28, CMP_004 ,META,4414.94,14460.0,303.0
2024-12-28,CMP_005,LINKEDIN,4512.04,8290.0,122.0
2024-12-28,CMP_008 ,LinkedIn,2916.14,11524.0,226.0
2024-12-28,CMP_011,Meta,2161.78,32772.0,
2024-12-29,CMP_006,Google Ads,₹7288.52,35126.0,1706.0
2024-12-29,CMP_007,Meta,1891.84,36138.0,752.0
29/12/2024,CMP_005,LINKEDIN,4848.13,11703.0,195.0
29/12/2024,CMP_014,LinkedIn,2771.92,9961.0,123.0
2024-12-29,CMP_015,Google Ads,5963.98,43436.0,1545.0
2024-12-29,CMP_002,Meta,2444.07,24715.0,860.0
2024-12-29, CMP_004 ,META,2781.47,23133.0,594.0
2024-12-29,CMP_003,Meta,4247.54,38496.0,1110.0
2024-12-29,CMP_011,Meta,2994.03,35910.0,1234.0
2024-12-29,CMP_013,META,3515.39,36617.0,942.0
2024-12-29,CMP_001,Google Ads,5871.81,22784.0,631.0
2024-12-30,CMP_011,Meta,1033.08,13231.0,266.0
2024-12-30,CMP_015,Google Ads,3532.03,36999.0,1441.0
2024-12-30,CMP_006,Google Ads,4062.99,27242.0,984.0
2024-12-30,CMP_003,Meta,1660.5,35308.0,1009.0
2024-12-30,CMP_014,LinkedIn,3226.09,7469.0,100.0
2024-12-30,CMP_010,Google Ads,2073.69,23425.0,758.0
2024-12-30,CMP_001,Google Ads,4761.64,22813.0,636.0
2024-12-30,CMP_007,Meta,2869.49,14642.0,321.0
2024-12-30,CMP_008 ,LinkedIn,2357.67,8389.0,127.0
2024-12-30,CMP_012,Google Ads,3044.9,23198.0,834.0
2024-12-30, CMP_004 ,META,₹2332.88,20450.0,334.0
2024-12-31,CMP_013,META,₹1935.19,28084.0,511.0
2024-12-31,CMP_012,Google Ads,3679.55,35140.0,1082.0
2024-12-31,CMP_002,Meta,1691.1,16044.0,300.0
2024-12-31,CMP_001,Google Ads,3971.92,32962.0,848.0
2024-12-31,CMP_006,Google Ads,3842.32,26465.0,959.0
2024-12-31,CMP_015,Google Ads,3288.66,20145.0,858.0
2024-12-31,CMP_003,Meta,1252.73,34652.0,1007.0
2024-12-31, CMP_004 ,META,2551.22,28918.0,492.0
2025-01-01,CMP_006,Google Ads,3833.93,39234.0,1092.0
2025-01-01,CMP_015,Google Ads,3055.95,35003.0,1415.0
2025-01-01, CMP_004 ,META,2590.22,33133.0,1027.0
2025-01-01,CMP_008 ,LinkedIn,3796.71,14669.0,159.0
2025-01-01,CMP_002,Meta,1094.69,13862.0,274.0
2025-01-01,CMP_005,LINKEDIN,1792.37,11116.0,188.0
2025-01-01,CMP_012,Google Ads,3532.47,33704.0,1345.0
2025-01-01,CMP_014,LinkedIn,2937.02,11931.0,141.0
2025-01-01,CMP_010,Google Ads,3906.5,42722.0,2049.0
2025-01-01,CMP_013,META,2847.53,15676.0,409.0
2025-01-02,CMP_005,LINKEDIN,3211.74,11809.0,201.0
2025-01-02,CMP_003,Meta,1776.47,15480.0,257.0
2025-01-02,CMP_014,LinkedIn,1577.15,8613.0,111.0
2025-01-02,CMP_006,Google Ads,2824.56,37616.0,1211.0
2025-01-02,CMP_008 ,LinkedIn,3451.85,14267.0,248.0
01-02-2025,CMP_010,Google Ads,4297.76,38013.0,1435.0
2025-01-02,CMP_001,Google Ads,3718.14,28778.0,1277.0
2025-01-02,CMP_012,Google Ads,4469.85,32021.0,1234.0
2025-01-02,CMP_009,Meta,2464.93,34903.0,1025.0
2025-01-02, CMP_004 ,META,2001.98,23931.0,407.0
01-02-2025,CMP_002,Meta,2626.16,34620.0,690.0
2025-01-02,CMP_015,Google Ads,₹4624.43,21056.0,763.0
2025-01-02,CMP_011,Meta,1566.87,36762.0,615.0
2025-01-02,CMP_013,META,2703.64,13846.0,422.0
2025-01-02,CMP_007,Meta,1321.28,36565.0,1087.0
2025-01-03,CMP_014,LinkedIn,2202.71,13827.0,161.0
2025-01-03,CMP_012,Google Ads,4937.0,29589.0,953.0
2025-01-03,CMP_010,Google Ads,2802.03,48115.0,1821.0
2025-01-03,CMP_011,Meta,₹2780.34,36711.0,620.0
2025-01-03,CMP_007,Meta,2918.1,35745.0,830.0
2025-01-03,CMP_003,Meta,930.43,19087.0,617.0
2025-01-03,CMP_013,META,1079.15,38379.0,677.0
2025-01-03, CMP_004 ,META,1121.74,20554.0,648.0
2025-01-03,CMP_015,Google Ads,4284.42,42158.0,1467.0
01-03-2025,CMP_002,Meta,1112.78,30722.0,625.0
2025-01-03,CMP_001,Google Ads,3242.68,34810.0,935.0
2025-01-03,CMP_009,Meta,2548.12,35194.0,593.0
2025-01-03,CMP_008 ,LinkedIn,2789.03,9558.0,161.0
2025-01-04,CMP_008 ,LinkedIn,5880.48,8470.0,126.0
2025-01-04,CMP_015,Google Ads,4452.89,29292.0,979.0
2025-01-04,CMP_006,Google Ads,5600.7,38551.0,1785.0
2025-01-04,CMP_010,Google Ads,6547.37,49299.0,2073.0
2025-01-04,CMP_001,Google Ads,3217.84,23262.0,945.0
2025-01-04,CMP_002,Meta,3961.12,10533.0,184.0
2025-01-04,CMP_014,LinkedIn,5466.19,12230.0,178.0
2025-01-04,CMP_013,META,4473.07,24018.0,457.0
2025-01-04,CMP_007,Meta,3472.35,14322.0,467.0
2025-01-04,CMP_011,Meta,2196.16,38653.0,1300.0
2025-01-04,CMP_005,LINKEDIN,3277.57,10905.0,136.0
2025-01-04, CMP_004 ,META,2427.08,39615.0,1108.0
2025-01-04,CMP_009,Meta,1370.9,30499.0,643.0
2025-01-05,CMP_007,Meta,₹1946.43,32281.0,771.0
2025-01-05,CMP_011,Meta,1226.61,21258.0,666.0
2025-01-05,CMP_002,Meta,4460.91,23838.0,688.0
2025-01-05,CMP_012,Google Ads,5149.65,27502.0,950.0
2025-01-05,CMP_013,META,3611.52,13356.0,227.0
2025-01-05,CMP_001,Google Ads,4654.03,29805.0,847.0
2025-01-05, CMP_004 ,META,3752.42,34679.0,1126.0
2025-01-05,CMP_008 ,LinkedIn,4655.91,7340.0,78.0
2025-01-05,CMP_010,Google Ads,5534.81,39998.0,1649.0
2025-01-05,CMP_014,LinkedIn,3900.37,8490.0,138.0
2025-01-05,CMP_005,LINKEDIN,2817.65,11745.0,189.0
2025-01-06,CMP_014,LinkedIn,2883.49,14830.0,255.0
2025-01-06, CMP_004 ,META,1426.83,32625.0,506.0
2025-01-06,CMP_002,Meta,2663.55,38699.0,813.0
2025-01-06,CMP_013,META,1939.05,26696.0,501.0
2025-01-06,CMP_003,Meta,1661.85,31173.0,501.0
2025-01-06,CMP_012,Google Ads,4693.74,27842.0,1040.0
2025-01-06,CMP_007,Meta,1048.04,26370.0,732.0
2025-01-06,CMP_006,Google Ads,2213.04,49121.0,2428.0
2025-01-06,CMP_015,Google Ads,4960.65,30370.0,859.0
2025-01-06,CMP_011,Meta,2693.79,28624.0,670.0
2025-01-06,CMP_010,Google Ads,3639.07,25661.0,1130.0
2025-01-06,CMP_005,LINKEDIN,3886.13,6195.0,62.0
2025-01-06,CMP_009,Meta,948.57,18591.0,359.0
2025-01-06,CMP_001,Google Ads,4767.74,45863.0,1602.0
2025-01-06,CMP_008 ,LinkedIn,2216.22,13209.0,233.0
2025-01-07,CMP_012,Google Ads,3172.19,40784.0,1797.0
2025-01-07,CMP_007,Meta,2229.65,31074.0,507.0
2025-01-07,CMP_002,Meta,2337.09,33919.0,1155.0
2025-01-07,CMP_011,Meta,1325.0,,301.0
2025-01-07,CMP_009,Meta,1755.86,24856.0,677.0
2025-01-07,CMP_015,Google Ads,2165.09,41826.0,1821.0
2025-01-07,CMP_003,Meta,2429.45,13913.0,212.0
2025-01-07,CMP_005,LINKEDIN,1843.03,5185.0,60.0
2025-01-07,CMP_001,Google Ads,4859.05,37137.0,1408.0
2025-01-07,CMP_010,Google Ads,4467.52,28495.0,831.0
2025-01-07,CMP_014,LinkedIn,1817.33,9403.0,162.0
2025-01-07,CMP_013,META,1059.72,39487.0,615.0
2025-01-07,CMP_008 ,LinkedIn,3517.77,9456.0,144.0
2025-01-07, CMP_004 ,META,1378.49,28895.0,796.0
2025-01-08,CMP_008 ,LinkedIn,3646.72,5201.0,64.0
2025-01-08,CMP_009,Meta,1837.88,22549.0,753.0
08/01/2025,CMP_006,Google Ads,2536.88,48098.0,1244.0
2025-01-08,CMP_001,Google Ads,₹4409.35,43397.0,1888.0
2025-01-08,CMP_015,Google Ads,3258.11,30544.0,953.0
2025-01-08,CMP_010,Google Ads,4747.56,30483.0,968.0
2025-01-08,CMP_003,Meta,971.35,22216.0,386.0
2025-01-08,CMP_013,META,2281.32,11725.0,217.0
2025-01-08,CMP_002,Meta,2569.54,11504.0,392.0
08/01/2025,CMP_014,LinkedIn,1672.32,12620.0,235.0
2025-01-08,CMP_012,Google Ads,4320.58,30180.0,1001.0
2025-01-08,CMP_005,LINKEDIN,2882.73,5130.0,70.0
2025-01-08, CMP_004 ,META,₹1441.51,35706.0,752.0
2025-01-08,CMP_011,Meta,2169.98,25201.0,563.0
2025-01-08,CMP_007,Meta,2938.09,35316.0,1077.0
09/01/2025,CMP_003,Meta,2667.81,33829.0,715.0
2025-01-09,CMP_001,Google Ads,2615.58,27804.0,986.0
2025-01-09,CMP_007,Meta,2914.61,14665.0,428.0
2025-01-09,CMP_014,LinkedIn,1732.57,8792.0,166.0
2025-01-09, CMP_004 ,META,1943.47,32965.0,1084.0
2025-01-09,CMP_009,Meta,1808.61,34507.0,576.0
2025-01-09,CMP_006,Google Ads,2286.73,24374.0,997.0
2025-01-09,CMP_012,Google Ads,3183.05,39395.0,1544.0
2025-01-09,CMP_015,Google Ads,3304.95,24283.0,750.0
2025-01-09,CMP_008 ,LinkedIn,2152.48,10161.0,195.0
2025-01-09,CMP_011,Meta,1664.5,37259.0,1106.0
2025-01-10,CMP_008 ,LinkedIn,2516.28,13780.0,187.0
2025-01-10,CMP_005,LINKEDIN,3425.84,12404.0,162.0
2025-01-10, CMP_004 ,META,1383.02,13929.0,234.0
2025-01-10,CMP_002,Meta,2576.71,19968.0,629.0
2025-01-10,CMP_013,META,2333.13,11321.0,218.0
2025-01-10,CMP_003,Meta,2684.46,14860.0,250.0
2025-01-10,CMP_012,Google Ads,2744.66,31656.0,1104.0
2025-01-10,CMP_010,Google Ads,2146.85,29792.0,938.0
2025-01-10,CMP_001,Google Ads,4972.03,21018.0,1025.0
2025-01-10,CMP_009,Meta,2680.12,28217.0,845.0
01-10-2025,CMP_011,Meta,1349.68,25140.0,428.0
2025-01-10,CMP_014,LinkedIn,3484.52,6989.0,70.0
2025-01-10,CMP_006,Google Ads,4491.12,27283.0,771.0
2025-01-11,CMP_006,Google Ads,7072.85,47176.0,2133.0
2025-01-11,CMP_011,Meta,1604.34,25105.0,402.0
2025-01-11,CMP_014,LinkedIn,5715.49,12096.0,220.0
2025-01-11,CMP_013,META,2503.5,10966.0,248.0
2025-01-11,CMP_002,Meta,2607.99,21598.0,416.0
2025-01-11,CMP_010,Google Ads,3842.18,29170.0,1054.0
2025-01-11,CMP_005,LINKEDIN,2807.37,9026.0,148.0
2025-01-11,CMP_012,Google Ads,5245.01,48926.0,1896.0
2025-01-11,CMP_001,Google Ads,3274.41,29167.0,1008.0
2025-01-11,CMP_007,Meta,₹2583.47,31058.0,1015.0
2025-01-11,CMP_008 ,LinkedIn,4221.8,13907.0,249.0
2025-01-11, CMP_004 ,META,4465.03,35621.0,1042.0
2025-01-11,CMP_015,Google Ads,5158.58,45606.0,1692.0
2025-01-11,CMP_003,Meta,4211.83,26462.0,567.0
2025-01-12,CMP_003,Meta,3730.58,17627.0,607.0
2025-01-12,CMP_001,Google Ads,3450.6,41524.0,1288.0
2025-01-12,CMP_006,Google Ads,5401.6,45927.0,2201.0
2025-01-12,CMP_010,Google Ads,3251.59,27189.0,1071.0
2025-01-12, CMP_004 ,META,4442.79,22727.0,502.0
2025-01-12,CMP_014,LinkedIn,5397.08,7846.0,92.0
2025-01-12,CMP_005,LINKEDIN,4471.95,10878.0,208.0
2025-01-12,CMP_012,Google Ads,3126.93,42955.0,1451.0
2025-01-12,CMP_007,Meta,3073.25,14656.0,384.0
2025-01-12,CMP_011,Meta,1821.17,36555.0,1192.0
2025-01-12,CMP_009,Meta,2824.35,20127.0,372.0
2025-01-12,CMP_015,Google Ads,3170.84,21840.0,673.0
2025-01-13,CMP_001,Google Ads,4756.34,47665.0,2226.0
2025-01-13,CMP_009,Meta,931.02,14840.0,396.0
13/01/2025,CMP_008 ,LinkedIn,3793.06,6817.0,125.0
2025-01-13,CMP_015,Google Ads,4582.01,22376.0,768.0
2025-01-13,CMP_006,Google Ads,4825.77,32962.0,1306.0
2025-01-13,CMP_010,Google Ads,3009.68,30571.0,868.0
2025-01-13, CMP_004 ,META,1146.51,24315.0,749.0
2025-01-13,CMP_003,Meta,2913.46,31272.0,667.0
2025-01-13,CMP_013,META,₹2355.8,28414.0,820.0
2025-01-13,CMP_011,Meta,2843.46,35788.0,792.0
2025-01-13,CMP_002,Meta,2264.17,36688.0,678.0
01-14-2025,CMP_012,Google Ads,3918.94,23411.0,1133.0
2025-01-14,CMP_015,Google Ads,2421.93,44423.0,1196.0
2025-01-14,CMP_005,LINKEDIN,2367.03,10234.0,119.0
01-14-2025,CMP_003,Meta,2747.7,12907.0,405.0
2025-01-14,CMP_014,LinkedIn,3175.06,10500.0,151.0
2025-01-14,CMP_001,Google Ads,2795.64,28176.0,1192.0
2025-01-14,CMP_007,Meta,1571.06,35789.0,614.0
2025-01-14,CMP_010,Google Ads,2003.84,32646.0,1173.0
2025-01-14,CMP_002,Meta,1723.24,15450.0,505.0
2025-01-14,CMP_013,META,1884.78,22409.0,493.0
2025-01-14,CMP_011,Meta,1625.76,37158.0,913.0
01-14-2025,CMP_009,Meta,2700.91,31330.0,945.0
2025-01-15,CMP_003,Meta,1174.23,22303.0,406.0
2025-01-15,CMP_008 ,LinkedIn,1687.51,6525.0,87.0
2025-01-15,CMP_002,Meta,2967.61,39269.0,968.0
2025-01-15,CMP_001,Google Ads,2092.98,41418.0,1206.0
2025-01-15,CMP_005,LINKEDIN,3724.38,7573.0,79.0
2025-01-15,CMP_012,Google Ads,2993.28,26225.0,923.0
2025-01-15,CMP_006,Google Ads,3662.34,43919.0,1691.0
2025-01-15,CMP_011,Meta,2253.32,19745.0,389.0
2025-01-15,CMP_010,Google Ads,2148.91,38735.0,1500.0
2025-01-15,CMP_007,Meta,1880.09,11786.0,261.0
2025-01-15,CMP_015,Google Ads,3282.82,29651.0,1352.0
2025-01-16, CMP_004 ,META,1000.5,27829.0,633.0
2025-01-16,CMP_002,Meta,1616.25,22499.0,503.0
2025-01-16,CMP_001,Google Ads,3337.33,28627.0,1030.0
2025-01-16,CMP_015,Google Ads,2790.2,47429.0,1504.0
2025-01-16,CMP_003,Meta,935.61,34649.0,1002.0
2025-01-16,CMP_005,LINKEDIN,1741.76,10632.0,192.0
2025-01-16,CMP_014,LinkedIn,2534.97,14662.0,179.0
2025-01-16,CMP_008 ,LinkedIn,1652.46,11342.0,206.0
2025-01-16,CMP_007,Meta,1720.99,27547.0,791.0
2025-01-16,CMP_013,META,2860.0,28766.0,938.0
2025-01-16,CMP_011,Meta,1847.78,12587.0,288.0
2025-01-16,CMP_012,Google Ads,4561.82,21137.0,793.0
2025-01-16,CMP_009,Meta,2781.0,36229.0,957.0
2025-01-16,CMP_010,Google Ads,4948.26,24831.0,695.0
2025-01-16,CMP_006,Google Ads,4271.57,25664.0,1250.0
2025-01-17, CMP_004 ,META,1125.33,29498.0,594.0
2025-01-17,CMP_013,META,2803.77,39955.0,1244.0
2025-01-17,CMP_015,Google Ads,2261.08,38230.0,1335.0
2025-01-17,CMP_003,Meta,1517.48,19050.0,483.0
2025-01-17,CMP_001,Google Ads,4751.49,20405.0,911.0
2025-01-17,CMP_007,Meta,2170.73,27123.0,830.0
2025-01-17,CMP_002,Meta,1047.54,14903.0,267.0
2025-01-17,CMP_010,Google Ads,3763.8,44850.0,2203.0
2025-01-17,CMP_009,Meta,1020.45,13461.0,353.0
2025-01-17,CMP_006,Google Ads,2302.97,29374.0,1371.0
2025-01-18,CMP_015,Google Ads,5738.95,42729.0,1497.0
2025-01-18,CMP_007,Meta,2506.12,38801.0,839.0
2025-01-18,CMP_005,LINKEDIN,3140.92,12785.0,245.0
2025-01-18,CMP_014,LinkedIn,5613.87,5331.0,71.0
2025-01-18,CMP_011,Meta,3819.05,20189.0,416.0
2025-01-18,CMP_008 ,LinkedIn,4093.57,6609.0,130.0
2025-01-18,CMP_010,Google Ads,4025.81,29846.0,1473.0
2025-01-18,CMP_001,Google Ads,4994.0,47060.0,1554.0
2025-01-18,CMP_002,Meta,3605.04,29823.0,832.0
2025-01-18,CMP_003,Meta,1820.19,16926.0,563.0
2025-01-18, CMP_004 ,META,₹2543.66,,781.0
2025-01-18,CMP_012,Google Ads,6902.35,46903.0,1238.0
2025-01-18,CMP_006,Google Ads,6561.71,22150.0,726.0
2025-01-19,CMP_003,Meta,4229.5,33089.0,628.0
2025-01-19,CMP_013,META,2415.56,25211.0,632.0
2025-01-19,CMP_009,Meta,3296.85,14059.0,402.0
2025-01-19,CMP_010,Google Ads,4088.72,36016.0,1435.0
2025-01-19,CMP_001,Google Ads,3799.13,48523.0,1788.0
2025-01-19,CMP_015,Google Ads,5481.0,31280.0,909.0
2025-01-19, CMP_004 ,META,4151.82,34541.0,1092.0
2025-01-19,CMP_014,LinkedIn,2588.97,5449.0,75.0
2025-01-19,CMP_007,Meta,1737.59,28751.0,879.0
2025-01-19,CMP_011,Meta,1907.25,17253.0,482.0
2025-01-19,CMP_002,Meta,3436.39,18817.0,527.0
2025-01-19,CMP_006,Google Ads,5309.77,48332.0,2151.0
19/01/2025,CMP_005,LINKEDIN,5128.4,5145.0,75.0
2025-01-19,CMP_008 ,LinkedIn,2746.18,7837.0,125.0
2025-01-20, CMP_004 ,META,2673.49,25040.0,501.0
2025-01-20,CMP_005,LINKEDIN,2666.75,13530.0,246.0
2025-01-20,CMP_010,Google Ads,3191.46,23352.0,588.0
2025-01-20,CMP_014,LinkedIn,3998.57,11131.0,173.0
2025-01-20,CMP_011,Meta,2106.3,19262.0,403.0
2025-01-20,CMP_012,Google Ads,2324.31,22091.0,737.0
2025-01-20,CMP_007,Meta,1408.26,20654.0,665.0
2025-01-20,CMP_009,Meta,1374.52,33301.0,1133.0
2025-01-21, CMP_004 ,META,2994.43,18500.0,613.0
2025-01-21,CMP_003,Meta,1690.12,34141.0,536.0
2025-01-21,CMP_009,Meta,2357.75,28744.0,900.0
2025-01-21,CMP_015,Google Ads,3029.5,43375.0,1325.0
2025-01-21,CMP_001,Google Ads,3603.91,45719.0,1686.0
2025-01-21,CMP_010,Google Ads,4822.0,31747.0,1196.0
2025-01-21,CMP_007,Meta,2659.92,37546.0,1057.0
2025-01-21,CMP_006,Google Ads,3674.74,29626.0,812.0
2025-01-21,CMP_008 ,LinkedIn,1819.86,9237.0,159.0
2025-01-21,CMP_002,Meta,2029.87,39904.0,744.0
2025-01-21,CMP_011,Meta,2295.37,20998.0,589.0
2025-01-21,CMP_012,Google Ads,2666.76,27318.0,1191.0
2025-01-22,CMP_007,Meta,2706.07,29122.0,774.0
2025-01-22,CMP_013,META,2165.44,25473.0,835.0
2025-01-22,CMP_006,Google Ads,3501.43,48426.0,2034.0
2025-01-22,CMP_014,LinkedIn,2824.6,11768.0,124.0
2025-01-22,CMP_005,LINKEDIN,3635.6,7250.0,144.0
2025-01-22,CMP_010,Google Ads,3028.01,38658.0,1829.0
2025-01-22,CMP_011,Meta,2970.63,14693.0,313.0
2025-01-22,CMP_008 ,LinkedIn,3289.17,6324.0,94.0
2025-01-22,CMP_015,Google Ads,3893.1,25794.0,846.0
2025-01-22,CMP_001,Google Ads,2174.04,34812.0,1108.0
2025-01-22, CMP_004 ,META,2474.63,15524.0,411.0
2025-01-22,CMP_012,Google Ads,2475.31,45729.0,2016.0
2025-01-23,CMP_003,Meta,810.27,27490.0,521.0
2025-01-23,CMP_010,Google Ads,3119.3,20461.0,967.0
2025-01-23,CMP_007,Meta,2465.07,27400.0,515.0
2025-01-23,CMP_011,Meta,2288.85,30535.0,906.0
2025-01-23,CMP_013,META,1297.78,38737.0,847.0
2025-01-23,CMP_012,Google Ads,2386.79,32568.0,1224.0
2025-01-23,CMP_014,LinkedIn,2265.29,6069.0,110.0
2025-01-23,CMP_008 ,LinkedIn,2245.51,9764.0,142.0
2025-01-23, CMP_004 ,META,1944.63,27174.0,591.0
2025-01-24,CMP_006,Google Ads,4954.64,26920.0,1167.0
2025-01-24,CMP_008 ,LinkedIn,2974.23,7768.0,87.0
2025-01-24,CMP_015,Google Ads,₹4133.33,45956.0,1191.0
2025-01-24, CMP_004 ,META,2728.4,18381.0,559.0
2025-01-24,CMP_003,Meta,2170.9,29461.0,1028.0
2025-01-24,CMP_007,Meta,2256.33,31416.0,996.0
2025-01-24,CMP_001,Google Ads,2144.71,23794.0,842.0
2025-01-24,CMP_012,Google Ads,3140.76,37933.0,1188.0
2025-01-24,CMP_002,Meta,2344.11,16733.0,483.0
2025-01-24,CMP_013,META,2186.68,19866.0,465.0
2025-01-25,CMP_011,Meta,3571.93,13857.0,286.0
2025-01-25,CMP_009,Meta,3789.71,26309.0,499.0
2025-01-25,CMP_005,LINKEDIN,2999.06,9308.0,170.0
25/01/2025,CMP_010,Google Ads,7379.04,31728.0,1351.0
2025-01-25,CMP_012,Google Ads,4329.08,21291.0,824.0
2025-01-25,CMP_003,Meta,4204.18,32551.0,1095.0
2025-01-25,CMP_007,Meta,2290.99,10089.0,153.0
2025-01-25,CMP_002,Meta,1493.71,13618.0,431.0
2025-01-25,CMP_013,META,3407.77,14887.0,505.0
2025-01-26,CMP_012,Google Ads,5089.25,23270.0,1054.0
2025-01-26,CMP_015,Google Ads,6933.63,47926.0,1546.0
2025-01-26,CMP_002,Meta,3845.27,20246.0,476.0
2025-01-26,CMP_005,LINKEDIN,2684.63,5751.0,58.0
2025-01-26,CMP_011,Meta,1656.7,31207.0,574.0
2025-01-26, CMP_004 ,META,2379.84,24343.0,830.0
2025-01-26,CMP_008 ,LinkedIn,3256.16,6522.0,89.0
2025-01-26,CMP_014,LinkedIn,3535.21,6865.0,
2025-01-26,CMP_003,Meta,4375.62,18907.0,599.0
2025-01-27,CMP_013,META,2144.91,35531.0,787.0
2025-01-27,CMP_007,Meta,863.4,32428.0,1057.0
2025-01-27,CMP_011,Meta,2400.01,39221.0,690.0
2025-01-27,CMP_003,Meta,2824.88,13700.0,448.0
2025-01-27,CMP_002,Meta,1769.51,12075.0,244.0
2025-01-27,CMP_012,Google Ads,2942.71,43087.0,2012.0
2025-01-27,CMP_001,Google Ads,3574.45,44367.0,1748.0
2025-01-27,CMP_010,Google Ads,3695.04,41949.0,1964.0
2025-01-27,CMP_009,Meta,1942.02,32552.0,944.0
2025-01-27, CMP_004 ,META,1009.53,31683.0,935.0
2025-01-27,CMP_005,LINKEDIN,2704.82,11305.0,129.0
2025-01-27,CMP_006,Google Ads,4479.31,49231.0,2446.0
2025-01-27,CMP_008 ,LinkedIn,1636.42,7571.0,113.0
2025-01-27,CMP_015,Google Ads,3407.87,36247.0,1694.0
2025-01-27,CMP_014,LinkedIn,1687.16,13055.0,172.0
2025-01-28,CMP_005,LINKEDIN,3641.47,12324.0,162.0
2025-01-28,CMP_001,Google Ads,4942.01,44419.0,1836.0
2025-01-28,CMP_009,Meta,1025.82,23511.0,369.0
2025-01-28, CMP_004 ,META,2008.02,37063.0,623.0
2025-01-28,CMP_013,META,2129.25,30285.0,840.0
2025-01-28,CMP_007,Meta,2758.24,28426.0,543.0
2025-01-28,CMP_010,Google Ads,4014.42,31169.0,1062.0
2025-01-28,CMP_012,Google Ads,2162.83,27304.0,1258.0
2025-01-28,CMP_014,LinkedIn,2329.93,14829.0,218.0
2025-01-28,CMP_008 ,LinkedIn,3142.92,12414.0,138.0
2025-01-28,CMP_006,Google Ads,4277.96,27266.0,683.0
2025-01-28,CMP_015,Google Ads,3065.42,40763.0,2001.0
2025-01-28,CMP_011,Meta,1442.36,27104.0,609.0
2025-01-29,CMP_001,Google Ads,2362.24,47924.0,1668.0
2025-01-29,CMP_003,Meta,1805.5,35605.0,669.0
2025-01-29,CMP_008 ,LinkedIn,2344.83,11790.0,123.0
2025-01-29,CMP_014,LinkedIn,3083.1,14647.0,164.0
2025-01-29,CMP_007,Meta,2761.86,24987.0,703.0
29/01/2025,CMP_002,Meta,2903.62,14411.0,493.0
01-29-2025,CMP_005,LINKEDIN,1510.84,5795.0,90.0
2025-01-29, CMP_004 ,META,1752.18,29173.0,719.0
2025-01-29,CMP_010,Google Ads,₹3525.0,49824.0,1466.0
2024-11-26,CMP_014,LinkedIn,1564.45,5243.0,71.0
2024-12-11,CMP_001,Google Ads,₹4633.88,45567.0,1767.0
2024-12-27,CMP_008 ,LinkedIn,3459.73,7527.0,130.0
2024-11-12,CMP_014,LinkedIn,₹2472.14,11624.0,200.0
2024-12-19,CMP_003,Meta,1206.52,14607.0,358.0
2024-12-03,CMP_013,META,2224.07,12159.0,262.0
12-17-2024,CMP_003,Meta,2855.87,33647.0,688.0
2024-12-23,CMP_007,Meta,2812.43,28428.0,661.0
2024-11-21,CMP_009,Meta,1865.55,20893.0,544.0
2024-11-19,CMP_006,Google Ads,3755.99,40800.0,1850.0
